keyword, link
Clubs & Societies,https://www.imperialcollegeunion.org/activities/a-to-z
Imperial College Union,https://www.imperialcollegeunion.org/
Metric,https://www.imperialcollegeunion.org/food-drink/metric
FiveSixEight,https://www.imperialcollegeunion.org/food-drink/fivesixeight
Union Bar,https://www.imperialcollegeunion.org/food-drink/union-bar
Reynolds Bar,https://www.imperialcollegeunion.org/food-drink/reynolds-bar
h-bar,https://www.imperialcollegeunion.org/food-drink/h-bar
Ethos Gym,https://www.imperial.ac.uk/ethos/
Ethos Membership,https://www.imperial.ac.uk/ethos/memberships/students/
Move Imperial,https://www.imperial.ac.uk/sport
Imperial Merch,https://www.imperialcollegeunion.org/shop/products
Start a New Society,https://www.imperialcollegeunion.org/activities/start-something-new
Shop Student Group Products,https://www.imperialcollegeunion.org/shop/student-groups/products?f%5B0%5D=group%3A64
Buy Student Group Products,https://www.imperialcollegeunion.org/shop/student-groups/products?f%5B0%5D=group%3A66
Union Shop Opening Hours,https://www.imperialcollegeunion.org/shop/union-shop-shop-extra
ICUsToo,https://www.imperialcollegeunion.org/icustoo
Tankards,https://www.imperialcollegeunion.org/activities/tankards
Black History Month Resources,https://www.imperialcollegeunion.org/campaigns/black-history-month-resources
LGBTQ+ History Month Resources,https://www.imperialcollegeunion.org/news/lgbtq-history-month
Union Student Reps,https://www.imperialcollegeunion.org/your-union/your-representatives